MatrixSize,Processes,Time(sec)
100,1,0.854298
200,1,6.37001
300,1,28.7165
400,1,73.7588
